iteration,timestamp,role,content,analysis,fetcher_config,agent_id,agent_config
0,2026-06-30 11:28:49.043283,gpt,"It seems that there is a compilation error due to the use of `uniform` instead of `constant` for the vertex shader's uniforms. In Metal, the `constant` storage qualifier should be used for shader uniform variables. Try updating your vertex shader code as follows:
```glsl
#pragma arguments
constant float time;
constant float radius;
constant float4x4 u_modelTransform;
constant float4x4 u_inverseModelTransform;

#pragma body
float4 newPosition = u_inverseModelTransform * float4(_geometry.position, 1.0);
float angle = atan2(newPosition.x, newPosition.z);
angle += time * 0.5;
float x = radius * cos(angle);
float z = radius * sin(angle);
newPosition.x = x;
newPosition.z = z;

_geometry.position = float3(u_modelTransform * newPosition);
```
This should resolve the compilation errors in your shader code. Make sure to update your application with the new vertex shader code and test again.","{'word_count': 126, 'unique_word_count': 86, 'coherence_score': 0.6825396825396826, 'lexical_similarity': None, 'semantic_similarity': None, 'lexical_similarity_window': None, 'semantic_similarity_window': None, 'token_perplexity': 14.226006530742083, 'version_b_distance': None}","{'fetcher': <FetcherType.SHAREGPT: 'sharegpt'>, 'data_path': 'data/sharegpt_real.json', 'second_data_path': None, 'category': None, 'min_messages': 2, 'max_messages': 6}",,
1,2026-06-30 11:28:49.043329,human,"It is now giving this error:

2023-03-17 12:02:47.841003-0400 GPTBlackHole[4687:158901] [SceneConfiguration] Info.plist contained no UIScene configuration dictionary (looking for configuration named ""(no name)"")
2023-03-17 12:02:47.841222-0400 GPTBlackHole[4687:158901] [SceneConfiguration] Info.plist contained no UIScene configuration dictionary (looking for configuration named ""(no name)"")
2023-03-17 12:02:47.841364-0400 GPTBlackHole[4687:158901] [SceneConfiguration] Info.plist contained no UIScene configuration dictionary (looking for configuration named ""(no name)"")
2023-03-17 12:02:47.881247-0400 GPTBlackHole[4687:158901] Metal GPU Frame Capture Enabled
2023-03-17 12:02:47.881435-0400 GPTBlackHole[4687:158901] Metal API Validation Enabled
2023-03-17 12:02:48.121314-0400 GPTBlackHole[4687:159149] Compiler failed to build request
2023-03-17 12:02:48.122699-0400 GPTBlackHole[4687:159149] [SceneKit] Error: FATAL ERROR : failed compiling shader:
Error Domain=MTLLibraryErrorDomain Code=3 ""program\_source:2535:65: error: C++ requires a type specifier for all declarations
 , constant constant& float
 ~~~~~~~~~~~~~~~~~ ^
program\_source:2535:65: error: expected ')'
program\_source:2455:43: note: to match this '('
vertex commonprofile\_io commonprofile\_vert(
 ^
program\_source:2952:52: error: no matching constructor for initialization of 'float4' (vector of 4 'float' values)
 float4 newPosition = u\_inverseModelTransform \* float4(\_geometry.position, 1.0);
 ^ ~~~~~~~~~~~~~~~~~~~~~~~
note: candidate constructor float4(float, float3)
note: candidate constructor float4(float2, float2)
note: candidate constructor float4(float3, float)
program\_source:2952:26: error: use of undeclared identifier 'u\_inverseModelTransform'
 float4 newPosition = u\_inverseModelTransform \* float4(\_geometry.position, 1.0);
 ^
program\_source:2954:10: error: use of undeclared identifier 'time'
angle += time \* 0.5;
 ^
program\_source:2955:11: error: use of undeclared identifier 'radius'
float x = radius \* cos(angle);
 ^
program\_source:2956:11: error: use of undeclared identifier 'radius'
float z = radius \* sin(angle);
 ^
program\_source:2960:29: error: use of undeclared identifier 'u\_modelTransform'
\_geometry.position = float3(u\_modelTransform \* newPosition);
 ^
program\_source:3252:60: error: C++ requires a type specifier for all declarations
 , constant constant& float
 ~~~~~~~~~~~~~~~~~ ^
program\_source:3252:60: error: expected ')'
program\_source:3118:38: note: to match this '('
fragment SCNOutput commonprofile\_frag(commonprofile\_io in [[ stage\_in ]]
 ^
"" UserInfo={NSLocalizedDescription=program\_source:2535:65: error: C++ requires a type specifier for all declarations
 , constant constant& float
 ~~~~~~~~~~~~~~~~~ ^
program\_source:2535:65: error: expected ')'
program\_source:2455:43: note: to match this '('
vertex commonprofile\_io commonprofile\_vert(
 ^
program\_source:2952:52: error: no matching constructor for initialization of 'float4' (vector of 4 'float' values)
 float4 newPosition = u\_inverseModelTransform \* float4(\_geometry.position, 1.0);
 ^ ~~~~~~~~~~~~~~~~~~~~~~~
note: candidate constructor float4(float, float3)
note: candidate constructor float4(float2, float2)
note: candidate constructor float4(float3, float)
program\_source:2952:26: error: use of undeclared identifier 'u\_inverseModelTransform'
 float4 newPosition = u\_inverseModelTransform \* float4(\_geometry.position, 1.0);
 ^
program\_source:2954:10: error: use of undeclared identifier 'time'
angle += time \* 0.5;
 ^
program\_source:2955:11: error: use of undeclared identifier 'radius'
float x = radius \* cos(angle);
 ^
program\_source:2956:11: error: use of undeclared identifier 'radius'
float z = radius \* sin(angle);
 ^
program\_source:2960:29: error: use of undeclared identifier 'u\_modelTransform'
\_geometry.position = float3(u\_modelTransform \* newPosition);
 ^
program\_source:3252:60: error: C++ requires a type specifier for all declarations
 , constant constant& float
 ~~~~~~~~~~~~~~~~~ ^
program\_source:3252:60: error: expected ')'
program\_source:3118:38: note: to match this '('
fragment SCNOutput commonprofile\_frag(commonprofile\_io in [[ stage\_in ]]
 ^
}","{'word_count': 435, 'unique_word_count': 133, 'coherence_score': 0.3057471264367816, 'lexical_similarity': 0.140625, 'semantic_similarity': 0.2526547312736511, 'lexical_similarity_window': 0.140625, 'semantic_similarity_window': 0.2526547312736511, 'token_perplexity': 8.426537541277842, 'version_b_distance': None}","{'fetcher': <FetcherType.SHAREGPT: 'sharegpt'>, 'data_path': 'data/sharegpt_real.json', 'second_data_path': None, 'category': None, 'min_messages': 2, 'max_messages': 6}",,
2,2026-06-30 11:28:49.043352,gpt,"This error seems to be caused by the same issues that were in the previous error log, mainly undeclared identifiers and improper usage of declarations. Here are a few suggestions to fix these issues:

1. Declare the missing variables (such as 'time', 'radius', 'u\_modelTransform', and 'u\_inverseModelTransform') and make sure they have the correct type.
2. For the lines with ""constant constant& float"", it seems there's a missing type specifier. You should provide a type specifier for these declarations. For example, if 'float' should be the type, you can change those lines to:
```cpp
, constant float& ...
```
1. Make sure the arguments for 'float4' are valid. From the error, it appears there are no matching constructors for the given arguments. You might need to adjust the arguments to match an existing constructor.

After making these changes, recompile your code and see if the errors are resolved. If you still encounter issues, please provide more context or code snippets for further assistance.","{'word_count': 162, 'unique_word_count': 114, 'coherence_score': 0.7037037037037037, 'lexical_similarity': 0.08333333333333333, 'semantic_similarity': 0.24862593412399292, 'lexical_similarity_window': 0.11309523809523808, 'semantic_similarity_window': 0.40784475207328796, 'token_perplexity': 28.105456136318917, 'version_b_distance': None}","{'fetcher': <FetcherType.SHAREGPT: 'sharegpt'>, 'data_path': 'data/sharegpt_real.json', 'second_data_path': None, 'category': None, 'min_messages': 2, 'max_messages': 6}",,
3,2026-06-30 11:28:49.043370,human,How do I make sure Metal is configured properly?,"{'word_count': 9, 'unique_word_count': 9, 'coherence_score': 1.0, 'lexical_similarity': 0.01652892561983471, 'semantic_similarity': 0.12604062259197235, 'lexical_similarity_window': 0.021141111852574303, 'semantic_similarity_window': 0.24192668497562408, 'token_perplexity': 86.74184436875586, 'version_b_distance': None}","{'fetcher': <FetcherType.SHAREGPT: 'sharegpt'>, 'data_path': 'data/sharegpt_real.json', 'second_data_path': None, 'category': None, 'min_messages': 2, 'max_messages': 6}",,
4,2026-06-30 11:28:49.043386,gpt,"To ensure Metal is properly configured in your iOS or macOS app, follow these steps:

1. **Enable Metal in your project:**
In Xcode, navigate to your project settings by clicking on the project file in the Project Navigator. Select the app target, and under the ""General"" tab, check the ""Metal"" framework is included in the ""Frameworks, Libraries, and Embedded Content"" section. If it's not there, click the ""+"" button and search for ""Metal"" to add it to your project.
2. **Create an MTLDevice:**
To use Metal, you'll need to create an `MTLDevice` instance. The device represents the GPU and is responsible for creating and managing resources like textures, buffers, and shaders.

In Swift, you can create an MTLDevice like this:
```swift
import Metal

guard let device = MTLCreateSystemDefaultDevice() else {
    fatalError(""Failed to create Metal device"")
}
```
3. **Set up a Metal view:**
For rendering Metal content, you need a view that uses Metal for drawing. If you're using SceneKit, you can use `SCNView`, which has built-in support for Metal rendering. Make sure to set the view's `preferredRenderingAPI` to `.metal` before initializing the view.

If you're using Metal directly, use `MTKView`, a subclass of `UIView` (iOS) or `NSView` (macOS) that can render Metal content. When you create an `MTKView`, pass the `MTLDevice` instance you created earlier:
```swift
import MetalKit

let metalView = MTKView(frame: view.bounds, device: device)
view.addSubview(metalView)
```
4. **Create shaders:**
Write your shaders using the Metal Shading Language (MSL) and save them in a `.metal` file in your project. Xcode will automatically compile these shaders into a default Metal library when building your app.
5. **Load the shader functions and create a pipeline:**
To use the shaders in your app, load them from the default Metal library, and create a render pipeline with the appropriate vertex and fragment functions:
```swift
let defaultLibrary = device.makeDefaultLibrary()
let vertexFunction = defaultLibrary?.makeFunction(name: ""vertexShader"")
let fragmentFunction = defaultLibrary?.makeFunction(name: ""fragmentShader"")

let pipelineDescriptor = MTLRenderPipelineDescriptor()
pipelineDescriptor.vertexFunction = vertexFunction
pipelineDescriptor.fragmentFunction = fragmentFunction
pipelineDescriptor.colorAttachments[0].pixelFormat = .bgra8Unorm

do {
    let pipelineState = try device.makeRenderPipelineState(descriptor: pipelineDescriptor)
} catch let error {
    fatalError(""Failed to create pipeline state: \(error.localizedDescription)"")
}
```
6. **Create buffers and textures:**
Use the `MTLDevice` instance to create buffers and textures that your shaders will use as input or output.
7. **Render your content:**
Set up your render pass descriptor, configure the render encoder with your pipeline state, and issue draw calls using the Metal command buffer and command queue.

Ensure you follow these steps and set up your Metal rendering pipeline correctly. If you're using a third-party framework or library, consult its documentation for additional configuration requirements. If you run into issues or errors, please provide more context or code snippets for further assistance.","{'word_count': 447, 'unique_word_count': 240, 'coherence_score': 0.5369127516778524, 'lexical_similarity': 0.024691358024691357, 'semantic_similarity': 0.531131386756897, 'lexical_similarity_window': 0.06554675776021693, 'semantic_similarity_window': 0.335883304476738, 'token_perplexity': 19.041039481070758, 'version_b_distance': None}","{'fetcher': <FetcherType.SHAREGPT: 'sharegpt'>, 'data_path': 'data/sharegpt_real.json', 'second_data_path': None, 'category': None, 'min_messages': 2, 'max_messages': 6}",,
5,2026-06-30 11:28:49.848781,92ce07b6-75f1-4706-a151-ba1c4e0191dc,"To ensure Metal is properly configured in your iOS or macOS app, follow these steps: Enable Metal in your project by adding the Metal framework to your Xcode project settings, create an `MTLDevice` instance to represent the GPU, set up a Metal view (like `MTKView` for custom rendering or `SCNView` for SceneKit integration), create shaders using the Metal Shading Language, and configure the Metal pipeline with vertex and fragment functions. Ensure you also create buffers and textures and render your content using the Metal command buffer.","{'word_count': 86, 'unique_word_count': 60, 'coherence_score': 0.6976744186046512, 'lexical_similarity': 0.171875, 'semantic_similarity': 0.8679325580596924, 'lexical_similarity_window': 0.08296950841548029, 'semantic_similarity_window': 0.46831021904945375, 'token_perplexity': 43.46972356736053, 'version_b_distance': 0.06610149145126343}",,92ce07b6-75f1-4706-a151-ba1c4e0191dc,"{'provider': <Provider.OLLAMA_COMPANY: 'ollama_company'>, 'model': <OllamaCompanyModels.QWEN_2_5_7B: 'Qwen/Qwen2.5-7B-Instruct'>, 'system_prompt': 'You are a helpful assistant in a conversation. Reply in at most 3 sentences, and always finish your final sentence.', 'temperature': 0.7, 'max_tokens': 150, 'frequency_penalty': 0.0, 'presence_penalty': 0.0, 'top_p': 1.0, 'seed': 0}"
6,2026-06-30 11:28:50.818915,92ce07b6-75f1-4706-a151-ba1c4e0191dc,"To enable Metal in your iOS or macOS app, start by adding the Metal framework to your Xcode project settings. Next, create an `MTLDevice` instance to represent the GPU and set up a Metal view like `MTKView` for rendering. Follow this by creating shaders and configuring the Metal pipeline with necessary functions, and don't forget to manage buffers and textures for rendering.","{'word_count': 62, 'unique_word_count': 47, 'coherence_score': 0.7580645161290323, 'lexical_similarity': 0.44594594594594594, 'semantic_similarity': 0.9322167038917542, 'lexical_similarity_window': 0.13127150160481946, 'semantic_similarity_window': 0.4919739533215761, 'token_perplexity': 48.05805794657336, 'version_b_distance': 3.5762786865234375e-07}",,92ce07b6-75f1-4706-a151-ba1c4e0191dc,"{'provider': <Provider.OLLAMA_COMPANY: 'ollama_company'>, 'model': <OllamaCompanyModels.QWEN_2_5_7B: 'Qwen/Qwen2.5-7B-Instruct'>, 'system_prompt': 'You are a helpful assistant in a conversation. Reply in at most 3 sentences, and always finish your final sentence.', 'temperature': 0.7, 'max_tokens': 150, 'frequency_penalty': 0.0, 'presence_penalty': 0.0, 'top_p': 1.0, 'seed': 0}"
7,2026-06-30 11:28:51.798810,92ce07b6-75f1-4706-a151-ba1c4e0191dc,"To enable Metal in your iOS or macOS app, start by adding the Metal framework to your Xcode project settings. Next, create an `MTLDevice` instance to represent the GPU and set up a Metal view like `MTKView` for rendering. Follow this by creating shaders and configuring the Metal pipeline with necessary functions, and don't forget to manage buffers and textures for rendering.","{'word_count': 62, 'unique_word_count': 47, 'coherence_score': 0.7580645161290323, 'lexical_similarity': 1.0, 'semantic_similarity': 1.0, 'lexical_similarity_window': 0.255375572804131, 'semantic_similarity_window': 0.5645491028470653, 'token_perplexity': 48.05805794657336, 'version_b_distance': 3.5762786865234375e-07}",,92ce07b6-75f1-4706-a151-ba1c4e0191dc,"{'provider': <Provider.OLLAMA_COMPANY: 'ollama_company'>, 'model': <OllamaCompanyModels.QWEN_2_5_7B: 'Qwen/Qwen2.5-7B-Instruct'>, 'system_prompt': 'You are a helpful assistant in a conversation. Reply in at most 3 sentences, and always finish your final sentence.', 'temperature': 0.7, 'max_tokens': 150, 'frequency_penalty': 0.0, 'presence_penalty': 0.0, 'top_p': 1.0, 'seed': 0}"
8,2026-06-30 11:28:52.827142,92ce07b6-75f1-4706-a151-ba1c4e0191dc,"To enable Metal in your iOS or macOS app, start by adding the Metal framework to your Xcode project settings. Next, create an `MTLDevice` instance to represent the GPU and set up a Metal view like `MTKView` for rendering. Follow this by creating shaders and configuring the Metal pipeline with necessary functions, and don't forget to manage buffers and textures for rendering.","{'word_count': 62, 'unique_word_count': 47, 'coherence_score': 0.7580645161290323, 'lexical_similarity': 1.0, 'semantic_similarity': 1.0, 'lexical_similarity_window': 0.3484536262036146, 'semantic_similarity_window': 0.6189804649911821, 'token_perplexity': 48.05805794657336, 'version_b_distance': 3.5762786865234375e-07}",,92ce07b6-75f1-4706-a151-ba1c4e0191dc,"{'provider': <Provider.OLLAMA_COMPANY: 'ollama_company'>, 'model': <OllamaCompanyModels.QWEN_2_5_7B: 'Qwen/Qwen2.5-7B-Instruct'>, 'system_prompt': 'You are a helpful assistant in a conversation. Reply in at most 3 sentences, and always finish your final sentence.', 'temperature': 0.7, 'max_tokens': 150, 'frequency_penalty': 0.0, 'presence_penalty': 0.0, 'top_p': 1.0, 'seed': 0}"
9,2026-06-30 11:28:53.877937,92ce07b6-75f1-4706-a151-ba1c4e0191dc,"To enable Metal in your iOS or macOS app, start by adding the Metal framework to your Xcode project settings. Next, create an `MTLDevice` instance to represent the GPU and set up a Metal view like `MTKView` for rendering. Follow this by creating shaders and configuring the Metal pipeline with necessary functions, and don't forget to manage buffers and textures for rendering.","{'word_count': 62, 'unique_word_count': 47, 'coherence_score': 0.7580645161290323, 'lexical_similarity': 1.0, 'semantic_similarity': 1.0, 'lexical_similarity_window': 0.4208476677365463, 'semantic_similarity_window': 0.6613159688810507, 'token_perplexity': 48.05805794657336, 'version_b_distance': 3.5762786865234375e-07}",,92ce07b6-75f1-4706-a151-ba1c4e0191dc,"{'provider': <Provider.OLLAMA_COMPANY: 'ollama_company'>, 'model': <OllamaCompanyModels.QWEN_2_5_7B: 'Qwen/Qwen2.5-7B-Instruct'>, 'system_prompt': 'You are a helpful assistant in a conversation. Reply in at most 3 sentences, and always finish your final sentence.', 'temperature': 0.7, 'max_tokens': 150, 'frequency_penalty': 0.0, 'presence_penalty': 0.0, 'top_p': 1.0, 'seed': 0}"
10,2026-06-30 11:28:55.004537,92ce07b6-75f1-4706-a151-ba1c4e0191dc,"To enable Metal in your iOS or macOS app, start by adding the Metal framework to your Xcode project settings. Next, create an `MTLDevice` instance to represent the GPU and set up a Metal view like `MTKView` for rendering. Follow this by creating shaders and configuring the Metal pipeline with necessary functions, and don't forget to manage buffers and textures for rendering.","{'word_count': 62, 'unique_word_count': 47, 'coherence_score': 0.7580645161290323, 'lexical_similarity': 1.0, 'semantic_similarity': 1.0, 'lexical_similarity_window': 0.4787629009628917, 'semantic_similarity_window': 0.6951843719929457, 'token_perplexity': 48.05805794657336, 'version_b_distance': 3.5762786865234375e-07}",,92ce07b6-75f1-4706-a151-ba1c4e0191dc,"{'provider': <Provider.OLLAMA_COMPANY: 'ollama_company'>, 'model': <OllamaCompanyModels.QWEN_2_5_7B: 'Qwen/Qwen2.5-7B-Instruct'>, 'system_prompt': 'You are a helpful assistant in a conversation. Reply in at most 3 sentences, and always finish your final sentence.', 'temperature': 0.7, 'max_tokens': 150, 'frequency_penalty': 0.0, 'presence_penalty': 0.0, 'top_p': 1.0, 'seed': 0}"
11,2026-06-30 11:28:56.124064,92ce07b6-75f1-4706-a151-ba1c4e0191dc,"To enable Metal in your iOS or macOS app, start by adding the Metal framework to your Xcode project settings. Next, create an `MTLDevice` instance to represent the GPU and set up a Metal view like `MTKView` for rendering. Follow this by creating shaders and configuring the Metal pipeline with necessary functions, and don't forget to manage buffers and textures for rendering.","{'word_count': 62, 'unique_word_count': 47, 'coherence_score': 0.7580645161290323, 'lexical_similarity': 1.0, 'semantic_similarity': 1.0, 'lexical_similarity_window': 0.5715048364467626, 'semantic_similarity_window': 0.767720476910472, 'token_perplexity': 48.05805794657336, 'version_b_distance': 3.5762786865234375e-07}",,92ce07b6-75f1-4706-a151-ba1c4e0191dc,"{'provider': <Provider.OLLAMA_COMPANY: 'ollama_company'>, 'model': <OllamaCompanyModels.QWEN_2_5_7B: 'Qwen/Qwen2.5-7B-Instruct'>, 'system_prompt': 'You are a helpful assistant in a conversation. Reply in at most 3 sentences, and always finish your final sentence.', 'temperature': 0.7, 'max_tokens': 150, 'frequency_penalty': 0.0, 'presence_penalty': 0.0, 'top_p': 1.0, 'seed': 0}"
12,2026-06-30 11:28:57.118305,92ce07b6-75f1-4706-a151-ba1c4e0191dc,"To enable Metal in your iOS or macOS app, start by adding the Metal framework to your Xcode project settings. Next, create an `MTLDevice` instance to represent the GPU and set up a Metal view like `MTKView` for rendering. Follow this by creating shaders and configuring the Metal pipeline with necessary functions, and don't forget to manage buffers and textures for rendering.","{'word_count': 62, 'unique_word_count': 47, 'coherence_score': 0.7580645161290323, 'lexical_similarity': 1.0, 'semantic_similarity': 1.0, 'lexical_similarity_window': 0.6674585936721962, 'semantic_similarity_window': 0.8321307700127363, 'token_perplexity': 48.05805794657336, 'version_b_distance': 3.5762786865234375e-07}",,92ce07b6-75f1-4706-a151-ba1c4e0191dc,"{'provider': <Provider.OLLAMA_COMPANY: 'ollama_company'>, 'model': <OllamaCompanyModels.QWEN_2_5_7B: 'Qwen/Qwen2.5-7B-Instruct'>, 'system_prompt': 'You are a helpful assistant in a conversation. Reply in at most 3 sentences, and always finish your final sentence.', 'temperature': 0.7, 'max_tokens': 150, 'frequency_penalty': 0.0, 'presence_penalty': 0.0, 'top_p': 1.0, 'seed': 0}"
13,2026-06-30 11:28:58.157395,92ce07b6-75f1-4706-a151-ba1c4e0191dc,"To enable Metal in your iOS or macOS app, start by adding the Metal framework to your Xcode project settings. Next, create an `MTLDevice` instance to represent the GPU and set up a Metal view like `MTKView` for rendering. Follow this by creating shaders and configuring the Metal pipeline with necessary functions, and don't forget to manage buffers and textures for rendering.","{'word_count': 62, 'unique_word_count': 47, 'coherence_score': 0.7580645161290323, 'lexical_similarity': 1.0, 'semantic_similarity': 1.0, 'lexical_similarity_window': 0.7594049023970284, 'semantic_similarity_window': 0.9320396542549133, 'token_perplexity': 48.05805794657336, 'version_b_distance': 3.5762786865234375e-07}",,92ce07b6-75f1-4706-a151-ba1c4e0191dc,"{'provider': <Provider.OLLAMA_COMPANY: 'ollama_company'>, 'model': <OllamaCompanyModels.QWEN_2_5_7B: 'Qwen/Qwen2.5-7B-Instruct'>, 'system_prompt': 'You are a helpful assistant in a conversation. Reply in at most 3 sentences, and always finish your final sentence.', 'temperature': 0.7, 'max_tokens': 150, 'frequency_penalty': 0.0, 'presence_penalty': 0.0, 'top_p': 1.0, 'seed': 0}"
14,2026-06-30 11:28:59.189853,92ce07b6-75f1-4706-a151-ba1c4e0191dc,"To enable Metal in your iOS or macOS app, start by adding the Metal framework to your Xcode project settings. Next, create an `MTLDevice` instance to represent the GPU and set up a Metal view like `MTKView` for rendering. Follow this by creating shaders and configuring the Metal pipeline with necessary functions, and don't forget to manage buffers and textures for rendering.","{'word_count': 62, 'unique_word_count': 47, 'coherence_score': 0.7580645161290323, 'lexical_similarity': 1.0, 'semantic_similarity': 1.0, 'lexical_similarity_window': 0.8575867205788466, 'semantic_similarity_window': 0.9808084428310394, 'token_perplexity': 48.05805794657336, 'version_b_distance': 3.5762786865234375e-07}",,92ce07b6-75f1-4706-a151-ba1c4e0191dc,"{'provider': <Provider.OLLAMA_COMPANY: 'ollama_company'>, 'model': <OllamaCompanyModels.QWEN_2_5_7B: 'Qwen/Qwen2.5-7B-Instruct'>, 'system_prompt': 'You are a helpful assistant in a conversation. Reply in at most 3 sentences, and always finish your final sentence.', 'temperature': 0.7, 'max_tokens': 150, 'frequency_penalty': 0.0, 'presence_penalty': 0.0, 'top_p': 1.0, 'seed': 0}"
15,2026-06-30 11:29:00.235355,92ce07b6-75f1-4706-a151-ba1c4e0191dc,"To enable Metal in your iOS or macOS app, start by adding the Metal framework to your Xcode project settings. Next, create an `MTLDevice` instance to represent the GPU and set up a Metal view like `MTKView` for rendering. Follow this by creating shaders and configuring the Metal pipeline with necessary functions, and don't forget to manage buffers and textures for rendering.","{'word_count': 62, 'unique_word_count': 47, 'coherence_score': 0.7580645161290323, 'lexical_similarity': 1.0, 'semantic_similarity': 1.0, 'lexical_similarity_window': 0.9445945945945946, 'semantic_similarity_window': 0.9932216703891754, 'token_perplexity': 48.05805794657336, 'version_b_distance': 3.5762786865234375e-07}",,92ce07b6-75f1-4706-a151-ba1c4e0191dc,"{'provider': <Provider.OLLAMA_COMPANY: 'ollama_company'>, 'model': <OllamaCompanyModels.QWEN_2_5_7B: 'Qwen/Qwen2.5-7B-Instruct'>, 'system_prompt': 'You are a helpful assistant in a conversation. Reply in at most 3 sentences, and always finish your final sentence.', 'temperature': 0.7, 'max_tokens': 150, 'frequency_penalty': 0.0, 'presence_penalty': 0.0, 'top_p': 1.0, 'seed': 0}"
16,2026-06-30 11:29:01.484317,92ce07b6-75f1-4706-a151-ba1c4e0191dc,"To enable Metal in your iOS or macOS app, start by adding the Metal framework to your Xcode project settings and create an `MTLDevice` instance to represent the GPU. Set up a Metal view like `MTKView` for rendering, and then proceed to create shaders and configure the Metal pipeline with necessary functions. That's it!","{'word_count': 54, 'unique_word_count': 42, 'coherence_score': 0.7777777777777778, 'lexical_similarity': 0.47297297297297297, 'semantic_similarity': 0.7290436029434204, 'lexical_similarity_window': 0.5776544401544401, 'semantic_similarity_window': 0.9578937530517578, 'token_perplexity': 49.45970673924628, 'version_b_distance': 0.010321259498596191}",,92ce07b6-75f1-4706-a151-ba1c4e0191dc,"{'provider': <Provider.OLLAMA_COMPANY: 'ollama_company'>, 'model': <OllamaCompanyModels.QWEN_2_5_7B: 'Qwen/Qwen2.5-7B-Instruct'>, 'system_prompt': 'You are a helpful assistant in a conversation. Reply in at most 3 sentences, and always finish your final sentence.', 'temperature': 0.7, 'max_tokens': 150, 'frequency_penalty': 0.0, 'presence_penalty': 0.0, 'top_p': 1.0, 'seed': 0}"
17,2026-06-30 11:29:02.697041,92ce07b6-75f1-4706-a151-ba1c4e0191dc,"Start by adding the Metal framework to your Xcode project settings and creating an `MTLDevice` instance to represent the GPU. Next, set up a Metal view such as `MTKView` for rendering and proceed to create shaders and configure the Metal pipeline with necessary functions. You're all set to begin rendering with Metal!","{'word_count': 52, 'unique_word_count': 40, 'coherence_score': 0.7692307692307693, 'lexical_similarity': 0.6078431372549019, 'semantic_similarity': 0.9273331165313721, 'lexical_similarity_window': 0.4758883686493263, 'semantic_similarity_window': 0.8930304050445557, 'token_perplexity': 57.46365759452072, 'version_b_distance': 0.07925939559936523}",,92ce07b6-75f1-4706-a151-ba1c4e0191dc,"{'provider': <Provider.OLLAMA_COMPANY: 'ollama_company'>, 'model': <OllamaCompanyModels.QWEN_2_5_7B: 'Qwen/Qwen2.5-7B-Instruct'>, 'system_prompt': 'You are a helpful assistant in a conversation. Reply in at most 3 sentences, and always finish your final sentence.', 'temperature': 0.7, 'max_tokens': 150, 'frequency_penalty': 0.0, 'presence_penalty': 0.0, 'top_p': 1.0, 'seed': 0}"
18,2026-06-30 11:29:03.878878,92ce07b6-75f1-4706-a151-ba1c4e0191dc,"Start by adding the Metal framework to your Xcode project settings and creating an `MTLDevice` instance to represent the GPU. Next, set up a Metal view such as `MTKView` for rendering and proceed to create shaders and configure the Metal pipeline with necessary functions. With these steps, you'll be ready to start rendering with Metal!","{'word_count': 55, 'unique_word_count': 42, 'coherence_score': 0.7636363636363637, 'lexical_similarity': 0.8222222222222222, 'semantic_similarity': 0.9889682531356812, 'lexical_similarity_window': 0.49659216490436203, 'semantic_similarity_window': 0.9024979591369628, 'token_perplexity': 45.562635430579846, 'version_b_distance': 0.0792226791381836}",,92ce07b6-75f1-4706-a151-ba1c4e0191dc,"{'provider': <Provider.OLLAMA_COMPANY: 'ollama_company'>, 'model': <OllamaCompanyModels.QWEN_2_5_7B: 'Qwen/Qwen2.5-7B-Instruct'>, 'system_prompt': 'You are a helpful assistant in a conversation. Reply in at most 3 sentences, and always finish your final sentence.', 'temperature': 0.7, 'max_tokens': 150, 'frequency_penalty': 0.0, 'presence_penalty': 0.0, 'top_p': 1.0, 'seed': 0}"
19,2026-06-30 11:29:04.888649,92ce07b6-75f1-4706-a151-ba1c4e0191dc,"Begin by adding the Metal framework to your Xcode project settings and creating an `MTLDevice` instance to represent the GPU. Following that, set up a Metal view like `MTKView` for rendering and proceed to create shaders and configure the Metal pipeline with necessary functions. This setup will pave the way for your Metal rendering capabilities!","{'word_count': 55, 'unique_word_count': 42, 'coherence_score': 0.7636363636363637, 'lexical_similarity': 0.6153846153846154, 'semantic_similarity': 0.9796586632728577, 'lexical_similarity_window': 0.4973537036518493, 'semantic_similarity_window': 0.9134180963039398, 'token_perplexity': 63.98044195283379, 'version_b_distance': 0.09548872709274292}",,92ce07b6-75f1-4706-a151-ba1c4e0191dc,"{'provider': <Provider.OLLAMA_COMPANY: 'ollama_company'>, 'model': <OllamaCompanyModels.QWEN_2_5_7B: 'Qwen/Qwen2.5-7B-Instruct'>, 'system_prompt': 'You are a helpful assistant in a conversation. Reply in at most 3 sentences, and always finish your final sentence.', 'temperature': 0.7, 'max_tokens': 150, 'frequency_penalty': 0.0, 'presence_penalty': 0.0, 'top_p': 1.0, 'seed': 0}"
20,2026-06-30 11:29:05.953563,92ce07b6-75f1-4706-a151-ba1c4e0191dc,"Start by adding the Metal framework to your Xcode project settings and creating an `MTLDevice` instance to represent the GPU. Next, set up a Metal view such as `MTKView` for rendering and move on to creating shaders and configuring the Metal pipeline with necessary functions. This foundational setup will enable you to leverage Metal's powerful rendering capabilities effectively.","{'word_count': 58, 'unique_word_count': 47, 'coherence_score': 0.8103448275862069, 'lexical_similarity': 0.5614035087719298, 'semantic_similarity': 0.9738271236419678, 'lexical_similarity_window': 0.4962377643405703, 'semantic_similarity_window': 0.8962691783905029, 'token_perplexity': 52.66153523219945, 'version_b_distance': 0.07710778713226318}",,92ce07b6-75f1-4706-a151-ba1c4e0191dc,"{'provider': <Provider.OLLAMA_COMPANY: 'ollama_company'>, 'model': <OllamaCompanyModels.QWEN_2_5_7B: 'Qwen/Qwen2.5-7B-Instruct'>, 'system_prompt': 'You are a helpful assistant in a conversation. Reply in at most 3 sentences, and always finish your final sentence.', 'temperature': 0.7, 'max_tokens': 150, 'frequency_penalty': 0.0, 'presence_penalty': 0.0, 'top_p': 1.0, 'seed': 0}"
21,2026-06-30 11:29:07.034226,92ce07b6-75f1-4706-a151-ba1c4e0191dc,"Start by adding the Metal framework to your Xcode project settings and creating an `MTLDevice` instance to represent the GPU. Next, set up a Metal view such as `MTKView` for rendering and proceed to create shaders and configure the Metal pipeline with necessary functions. This will lay the groundwork for effectively leveraging Metal's rendering capabilities.","{'word_count': 55, 'unique_word_count': 44, 'coherence_score': 0.8, 'lexical_similarity': 0.6545454545454545, 'semantic_similarity': 0.9920846819877625, 'lexical_similarity_window': 0.5566654250548821, 'semantic_similarity_window': 0.9184913575649262, 'token_perplexity': 53.74495651068928, 'version_b_distance': 0.0780068039894104}",,92ce07b6-75f1-4706-a151-ba1c4e0191dc,"{'provider': <Provider.OLLAMA_COMPANY: 'ollama_company'>, 'model': <OllamaCompanyModels.QWEN_2_5_7B: 'Qwen/Qwen2.5-7B-Instruct'>, 'system_prompt': 'You are a helpful assistant in a conversation. Reply in at most 3 sentences, and always finish your final sentence.', 'temperature': 0.7, 'max_tokens': 150, 'frequency_penalty': 0.0, 'presence_penalty': 0.0, 'top_p': 1.0, 'seed': 0}"
22,2026-06-30 11:29:08.093305,92ce07b6-75f1-4706-a151-ba1c4e0191dc,"Start by adding the Metal framework to your Xcode project settings and creating an `MTLDevice` instance to represent the GPU. Next, set up a Metal view such as `MTKView` for rendering and proceed to create shaders and configure the Metal pipeline with necessary functions. This will prepare you to efficiently use Metal's rendering capabilities for graphics and compute tasks.","{'word_count': 59, 'unique_word_count': 47, 'coherence_score': 0.7966101694915254, 'lexical_similarity': 0.75, 'semantic_similarity': 0.9715691804885864, 'lexical_similarity_window': 0.5661968036938376, 'semantic_similarity_window': 0.8934291422367096, 'token_perplexity': 51.42337327344, 'version_b_distance': 0.07584619522094727}",,92ce07b6-75f1-4706-a151-ba1c4e0191dc,"{'provider': <Provider.OLLAMA_COMPANY: 'ollama_company'>, 'model': <OllamaCompanyModels.QWEN_2_5_7B: 'Qwen/Qwen2.5-7B-Instruct'>, 'system_prompt': 'You are a helpful assistant in a conversation. Reply in at most 3 sentences, and always finish your final sentence.', 'temperature': 0.7, 'max_tokens': 150, 'frequency_penalty': 0.0, 'presence_penalty': 0.0, 'top_p': 1.0, 'seed': 0}"
23,2026-06-30 11:29:08.991219,92ce07b6-75f1-4706-a151-ba1c4e0191dc,"Start by adding the Metal framework to your Xcode project settings and creating an `MTLDevice` instance to represent the GPU. Next, set up a Metal view such as `MTKView` for rendering and proceed to create shaders and configure the Metal pipeline with necessary functions. This setup is crucial for leveraging Metal's power for both graphics and compute tasks.","{'word_count': 58, 'unique_word_count': 47, 'coherence_score': 0.8103448275862069, 'lexical_similarity': 0.7735849056603774, 'semantic_similarity': 0.9802826642990112, 'lexical_similarity_window': 0.5915550936491271, 'semantic_similarity_window': 0.9201351583003998, 'token_perplexity': 55.57018350683292, 'version_b_distance': 0.0758739709854126}",,92ce07b6-75f1-4706-a151-ba1c4e0191dc,"{'provider': <Provider.OLLAMA_COMPANY: 'ollama_company'>, 'model': <OllamaCompanyModels.QWEN_2_5_7B: 'Qwen/Qwen2.5-7B-Instruct'>, 'system_prompt': 'You are a helpful assistant in a conversation. Reply in at most 3 sentences, and always finish your final sentence.', 'temperature': 0.7, 'max_tokens': 150, 'frequency_penalty': 0.0, 'presence_penalty': 0.0, 'top_p': 1.0, 'seed': 0}"
24,2026-06-30 11:29:10.020782,92ce07b6-75f1-4706-a151-ba1c4e0191dc,"Start by adding the Metal framework to your Xcode project settings and creating an `MTLDevice` instance to represent the GPU. Next, set up a Metal view such as `MTKView` for rendering and proceed to create shaders and configure the Metal pipeline with necessary functions. This setup allows you to efficiently leverage Metal's capabilities for a wide range of tasks.","{'word_count': 59, 'unique_word_count': 48, 'coherence_score': 0.8135593220338984, 'lexical_similarity': 0.7272727272727273, 'semantic_similarity': 0.980971097946167, 'lexical_similarity_window': 0.6219840335966016, 'semantic_similarity_window': 0.9289099216461182, 'token_perplexity': 46.618029779598366, 'version_b_distance': 0.0737076997756958}",,92ce07b6-75f1-4706-a151-ba1c4e0191dc,"{'provider': <Provider.OLLAMA_COMPANY: 'ollama_company'>, 'model': <OllamaCompanyModels.QWEN_2_5_7B: 'Qwen/Qwen2.5-7B-Instruct'>, 'system_prompt': 'You are a helpful assistant in a conversation. Reply in at most 3 sentences, and always finish your final sentence.', 'temperature': 0.7, 'max_tokens': 150, 'frequency_penalty': 0.0, 'presence_penalty': 0.0, 'top_p': 1.0, 'seed': 0}"
25,2026-06-30 11:29:11.047510,92ce07b6-75f1-4706-a151-ba1c4e0191dc,"Start by adding the Metal framework to your Xcode project settings and creating an `MTLDevice` instance to represent the GPU. Next, set up a Metal view such as `MTKView` for rendering and proceed to create shaders and configure the Metal pipeline with necessary functions. This setup allows you to efficiently leverage Metal's capabilities for a wide range of tasks.","{'word_count': 59, 'unique_word_count': 48, 'coherence_score': 0.8135593220338984, 'lexical_similarity': 1.0, 'semantic_similarity': 1.0, 'lexical_similarity_window': 0.6780446396572076, 'semantic_similarity_window': 0.9403137028217315, 'token_perplexity': 46.618029779598366, 'version_b_distance': 0.0737076997756958}",,92ce07b6-75f1-4706-a151-ba1c4e0191dc,"{'provider': <Provider.OLLAMA_COMPANY: 'ollama_company'>, 'model': <OllamaCompanyModels.QWEN_2_5_7B: 'Qwen/Qwen2.5-7B-Instruct'>, 'system_prompt': 'You are a helpful assistant in a conversation. Reply in at most 3 sentences, and always finish your final sentence.', 'temperature': 0.7, 'max_tokens': 150, 'frequency_penalty': 0.0, 'presence_penalty': 0.0, 'top_p': 1.0, 'seed': 0}"
26,2026-06-30 11:29:12.228848,92ce07b6-75f1-4706-a151-ba1c4e0191dc,"Start by adding the Metal framework to your Xcode project settings and creating an `MTLDevice` instance to represent the GPU. Next, set up a Metal view such as `MTKView` for rendering and proceed to create shaders and configure the Metal pipeline with necessary functions. This setup allows you to efficiently leverage Metal's capabilities for a wide range of tasks.","{'word_count': 59, 'unique_word_count': 48, 'coherence_score': 0.8135593220338984, 'lexical_similarity': 1.0, 'semantic_similarity': 1.0, 'lexical_similarity_window': 0.7411398777524457, 'semantic_similarity_window': 0.9706351220607757, 'token_perplexity': 46.618029779598366, 'version_b_distance': 0.0737076997756958}",,92ce07b6-75f1-4706-a151-ba1c4e0191dc,"{'provider': <Provider.OLLAMA_COMPANY: 'ollama_company'>, 'model': <OllamaCompanyModels.QWEN_2_5_7B: 'Qwen/Qwen2.5-7B-Instruct'>, 'system_prompt': 'You are a helpful assistant in a conversation. Reply in at most 3 sentences, and always finish your final sentence.', 'temperature': 0.7, 'max_tokens': 150, 'frequency_penalty': 0.0, 'presence_penalty': 0.0, 'top_p': 1.0, 'seed': 0}"
27,2026-06-30 11:29:13.315921,92ce07b6-75f1-4706-a151-ba1c4e0191dc,"Start by adding the Metal framework to your Xcode project settings and creating an `MTLDevice` instance to represent the GPU. Next, set up a Metal view such as `MTKView` for rendering and proceed to create shaders and configure the Metal pipeline with necessary functions. This setup allows you to efficiently leverage Metal's capabilities for a wide range of tasks.","{'word_count': 59, 'unique_word_count': 48, 'coherence_score': 0.8135593220338984, 'lexical_similarity': 1.0, 'semantic_similarity': 1.0, 'lexical_similarity_window': 0.7885975048710898, 'semantic_similarity_window': 0.9812321245670319, 'token_perplexity': 46.618029779598366, 'version_b_distance': 0.0737076997756958}",,92ce07b6-75f1-4706-a151-ba1c4e0191dc,"{'provider': <Provider.OLLAMA_COMPANY: 'ollama_company'>, 'model': <OllamaCompanyModels.QWEN_2_5_7B: 'Qwen/Qwen2.5-7B-Instruct'>, 'system_prompt': 'You are a helpful assistant in a conversation. Reply in at most 3 sentences, and always finish your final sentence.', 'temperature': 0.7, 'max_tokens': 150, 'frequency_penalty': 0.0, 'presence_penalty': 0.0, 'top_p': 1.0, 'seed': 0}"
28,2026-06-30 11:29:14.328941,92ce07b6-75f1-4706-a151-ba1c4e0191dc,"Start by adding the Metal framework to your Xcode project settings and creating an `MTLDevice` instance to represent the GPU. Next, set up a Metal view such as `MTKView` for rendering and proceed to create shaders and configure the Metal pipeline with necessary functions. This setup allows you to efficiently leverage Metal's capabilities for a wide range of tasks.","{'word_count': 59, 'unique_word_count': 48, 'coherence_score': 0.8135593220338984, 'lexical_similarity': 1.0, 'semantic_similarity': 1.0, 'lexical_similarity_window': 0.8193667356403205, 'semantic_similarity_window': 0.9852769434452057, 'token_perplexity': 46.618029779598366, 'version_b_distance': 0.0737076997756958}",,92ce07b6-75f1-4706-a151-ba1c4e0191dc,"{'provider': <Provider.OLLAMA_COMPANY: 'ollama_company'>, 'model': <OllamaCompanyModels.QWEN_2_5_7B: 'Qwen/Qwen2.5-7B-Instruct'>, 'system_prompt': 'You are a helpful assistant in a conversation. Reply in at most 3 sentences, and always finish your final sentence.', 'temperature': 0.7, 'max_tokens': 150, 'frequency_penalty': 0.0, 'presence_penalty': 0.0, 'top_p': 1.0, 'seed': 0}"
29,2026-06-30 11:29:15.372312,92ce07b6-75f1-4706-a151-ba1c4e0191dc,"Start by adding the Metal framework to your Xcode project settings and creating an `MTLDevice` instance to represent the GPU. Next, set up a Metal view such as `MTKView` for rendering and proceed to create shaders and configure the Metal pipeline with necessary functions. This setup allows you to efficiently leverage Metal's capabilities for a wide range of tasks.","{'word_count': 59, 'unique_word_count': 48, 'coherence_score': 0.8135593220338984, 'lexical_similarity': 1.0, 'semantic_similarity': 1.0, 'lexical_similarity_window': 0.8527000689736539, 'semantic_similarity_window': 0.9904141008853913, 'token_perplexity': 46.618029779598366, 'version_b_distance': 0.0737076997756958}",,92ce07b6-75f1-4706-a151-ba1c4e0191dc,"{'provider': <Provider.OLLAMA_COMPANY: 'ollama_company'>, 'model': <OllamaCompanyModels.QWEN_2_5_7B: 'Qwen/Qwen2.5-7B-Instruct'>, 'system_prompt': 'You are a helpful assistant in a conversation. Reply in at most 3 sentences, and always finish your final sentence.', 'temperature': 0.7, 'max_tokens': 150, 'frequency_penalty': 0.0, 'presence_penalty': 0.0, 'top_p': 1.0, 'seed': 0}"
30,2026-06-30 11:29:16.419732,92ce07b6-75f1-4706-a151-ba1c4e0191dc,"Start by adding the Metal framework to your Xcode project settings and creating an `MTLDevice` instance to represent the GPU. Next, set up a Metal view such as `MTKView` for rendering and proceed to create shaders and configure the Metal pipeline with necessary functions. This setup allows you to efficiently leverage Metal's capabilities for a wide range of tasks.","{'word_count': 59, 'unique_word_count': 48, 'coherence_score': 0.8135593220338984, 'lexical_similarity': 1.0, 'semantic_similarity': 1.0, 'lexical_similarity_window': 0.8919857832593682, 'semantic_similarity_window': 0.9935260534286499, 'token_perplexity': 46.618029779598366, 'version_b_distance': 0.0737076997756958}",,92ce07b6-75f1-4706-a151-ba1c4e0191dc,"{'provider': <Provider.OLLAMA_COMPANY: 'ollama_company'>, 'model': <OllamaCompanyModels.QWEN_2_5_7B: 'Qwen/Qwen2.5-7B-Instruct'>, 'system_prompt': 'You are a helpful assistant in a conversation. Reply in at most 3 sentences, and always finish your final sentence.', 'temperature': 0.7, 'max_tokens': 150, 'frequency_penalty': 0.0, 'presence_penalty': 0.0, 'top_p': 1.0, 'seed': 0}"
31,2026-06-30 11:29:17.480108,92ce07b6-75f1-4706-a151-ba1c4e0191dc,"Start by adding the Metal framework to your Xcode project settings and creating an `MTLDevice` instance to represent the GPU. Next, set up a Metal view such as `MTKView` for rendering and proceed to create shaders and configure the Metal pipeline with necessary functions. This setup allows you to efficiently leverage Metal's capabilities for a wide range of tasks.","{'word_count': 59, 'unique_word_count': 48, 'coherence_score': 0.8135593220338984, 'lexical_similarity': 1.0, 'semantic_similarity': 1.0, 'lexical_similarity_window': 0.922342926116511, 'semantic_similarity_window': 0.995059484243393, 'token_perplexity': 46.618029779598366, 'version_b_distance': 0.0737076997756958}",,92ce07b6-75f1-4706-a151-ba1c4e0191dc,"{'provider': <Provider.OLLAMA_COMPANY: 'ollama_company'>, 'model': <OllamaCompanyModels.QWEN_2_5_7B: 'Qwen/Qwen2.5-7B-Instruct'>, 'system_prompt': 'You are a helpful assistant in a conversation. Reply in at most 3 sentences, and always finish your final sentence.', 'temperature': 0.7, 'max_tokens': 150, 'frequency_penalty': 0.0, 'presence_penalty': 0.0, 'top_p': 1.0, 'seed': 0}"
32,2026-06-30 11:29:18.547706,92ce07b6-75f1-4706-a151-ba1c4e0191dc,"Start by adding the Metal framework to your Xcode project settings and creating an `MTLDevice` instance to represent the GPU. Next, set up a Metal view such as `MTKView` for rendering and proceed to create shaders and configure the Metal pipeline with necessary functions. This setup allows you to efficiently leverage Metal's capabilities for a wide range of tasks.","{'word_count': 59, 'unique_word_count': 48, 'coherence_score': 0.8135593220338984, 'lexical_similarity': 1.0, 'semantic_similarity': 1.0, 'lexical_similarity_window': 0.9519725557461406, 'semantic_similarity_window': 0.9964217007160187, 'token_perplexity': 46.618029779598366, 'version_b_distance': 0.0737076997756958}",,92ce07b6-75f1-4706-a151-ba1c4e0191dc,"{'provider': <Provider.OLLAMA_COMPANY: 'ollama_company'>, 'model': <OllamaCompanyModels.QWEN_2_5_7B: 'Qwen/Qwen2.5-7B-Instruct'>, 'system_prompt': 'You are a helpful assistant in a conversation. Reply in at most 3 sentences, and always finish your final sentence.', 'temperature': 0.7, 'max_tokens': 150, 'frequency_penalty': 0.0, 'presence_penalty': 0.0, 'top_p': 1.0, 'seed': 0}"
33,2026-06-30 11:29:19.594367,92ce07b6-75f1-4706-a151-ba1c4e0191dc,"Start by adding the Metal framework to your Xcode project settings and creating an `MTLDevice` instance to represent the GPU. Next, set up a Metal view such as `MTKView` for rendering and proceed to create shaders and configure the Metal pipeline with necessary functions. This setup allows you to efficiently leverage Metal's capabilities for a wide range of tasks.","{'word_count': 59, 'unique_word_count': 48, 'coherence_score': 0.8135593220338984, 'lexical_similarity': 1.0, 'semantic_similarity': 1.0, 'lexical_similarity_window': 0.9727272727272727, 'semantic_similarity_window': 0.9980971097946167, 'token_perplexity': 46.618029779598366, 'version_b_distance': 0.0737076997756958}",,92ce07b6-75f1-4706-a151-ba1c4e0191dc,"{'provider': <Provider.OLLAMA_COMPANY: 'ollama_company'>, 'model': <OllamaCompanyModels.QWEN_2_5_7B: 'Qwen/Qwen2.5-7B-Instruct'>, 'system_prompt': 'You are a helpful assistant in a conversation. Reply in at most 3 sentences, and always finish your final sentence.', 'temperature': 0.7, 'max_tokens': 150, 'frequency_penalty': 0.0, 'presence_penalty': 0.0, 'top_p': 1.0, 'seed': 0}"
34,2026-06-30 11:29:20.637324,92ce07b6-75f1-4706-a151-ba1c4e0191dc,"Start by adding the Metal framework to your Xcode project settings and creating an `MTLDevice` instance to represent the GPU. Next, set up a Metal view such as `MTKView` for rendering and proceed to create shaders and configure the Metal pipeline with necessary functions. This setup allows you to efficiently leverage Metal's capabilities for a wide range of tasks.","{'word_count': 59, 'unique_word_count': 48, 'coherence_score': 0.8135593220338984, 'lexical_similarity': 1.0, 'semantic_similarity': 1.0, 'lexical_similarity_window': 1.0, 'semantic_similarity_window': 1.0, 'token_perplexity': 46.618029779598366, 'version_b_distance': 0.0737076997756958}",,92ce07b6-75f1-4706-a151-ba1c4e0191dc,"{'provider': <Provider.OLLAMA_COMPANY: 'ollama_company'>, 'model': <OllamaCompanyModels.QWEN_2_5_7B: 'Qwen/Qwen2.5-7B-Instruct'>, 'system_prompt': 'You are a helpful assistant in a conversation. Reply in at most 3 sentences, and always finish your final sentence.', 'temperature': 0.7, 'max_tokens': 150, 'frequency_penalty': 0.0, 'presence_penalty': 0.0, 'top_p': 1.0, 'seed': 0}"
35,2026-06-30 11:29:21.707278,92ce07b6-75f1-4706-a151-ba1c4e0191dc,"Start by adding the Metal framework to your Xcode project settings and creating an `MTLDevice` instance to represent the GPU. Next, set up a Metal view such as `MTKView` for rendering and proceed to create shaders and configure the Metal pipeline with necessary functions. This setup allows you to efficiently leverage Metal's capabilities for a wide range of tasks.","{'word_count': 59, 'unique_word_count': 48, 'coherence_score': 0.8135593220338984, 'lexical_similarity': 1.0, 'semantic_similarity': 1.0, 'lexical_similarity_window': 1.0, 'semantic_similarity_window': 1.0, 'token_perplexity': 46.618029779598366, 'version_b_distance': 0.0737076997756958}",,92ce07b6-75f1-4706-a151-ba1c4e0191dc,"{'provider': <Provider.OLLAMA_COMPANY: 'ollama_company'>, 'model': <OllamaCompanyModels.QWEN_2_5_7B: 'Qwen/Qwen2.5-7B-Instruct'>, 'system_prompt': 'You are a helpful assistant in a conversation. Reply in at most 3 sentences, and always finish your final sentence.', 'temperature': 0.7, 'max_tokens': 150, 'frequency_penalty': 0.0, 'presence_penalty': 0.0, 'top_p': 1.0, 'seed': 0}"
36,2026-06-30 11:29:22.711583,92ce07b6-75f1-4706-a151-ba1c4e0191dc,"Start by adding the Metal framework to your Xcode project settings and creating an `MTLDevice` instance to represent the GPU. Next, set up a Metal view such as `MTKView` for rendering and proceed to create shaders and configure the Metal pipeline with necessary functions. This setup allows you to efficiently leverage Metal's capabilities for a wide range of tasks.","{'word_count': 59, 'unique_word_count': 48, 'coherence_score': 0.8135593220338984, 'lexical_similarity': 1.0, 'semantic_similarity': 1.0, 'lexical_similarity_window': 1.0, 'semantic_similarity_window': 1.0, 'token_perplexity': 46.618029779598366, 'version_b_distance': 0.0737076997756958}",,92ce07b6-75f1-4706-a151-ba1c4e0191dc,"{'provider': <Provider.OLLAMA_COMPANY: 'ollama_company'>, 'model': <OllamaCompanyModels.QWEN_2_5_7B: 'Qwen/Qwen2.5-7B-Instruct'>, 'system_prompt': 'You are a helpful assistant in a conversation. Reply in at most 3 sentences, and always finish your final sentence.', 'temperature': 0.7, 'max_tokens': 150, 'frequency_penalty': 0.0, 'presence_penalty': 0.0, 'top_p': 1.0, 'seed': 0}"
37,2026-06-30 11:29:23.673821,92ce07b6-75f1-4706-a151-ba1c4e0191dc,"Start by adding the Metal framework to your Xcode project settings and creating an `MTLDevice` instance to represent the GPU. Next, set up a Metal view such as `MTKView` for rendering and proceed to create shaders and configure the Metal pipeline with necessary functions. This setup allows you to efficiently leverage Metal's capabilities for a wide range of tasks.","{'word_count': 59, 'unique_word_count': 48, 'coherence_score': 0.8135593220338984, 'lexical_similarity': 1.0, 'semantic_similarity': 1.0, 'lexical_similarity_window': 1.0, 'semantic_similarity_window': 1.0, 'token_perplexity': 46.618029779598366, 'version_b_distance': 0.0737076997756958}",,92ce07b6-75f1-4706-a151-ba1c4e0191dc,"{'provider': <Provider.OLLAMA_COMPANY: 'ollama_company'>, 'model': <OllamaCompanyModels.QWEN_2_5_7B: 'Qwen/Qwen2.5-7B-Instruct'>, 'system_prompt': 'You are a helpful assistant in a conversation. Reply in at most 3 sentences, and always finish your final sentence.', 'temperature': 0.7, 'max_tokens': 150, 'frequency_penalty': 0.0, 'presence_penalty': 0.0, 'top_p': 1.0, 'seed': 0}"
38,2026-06-30 11:29:24.676680,92ce07b6-75f1-4706-a151-ba1c4e0191dc,"Start by adding the Metal framework to your Xcode project settings and creating an `MTLDevice` instance to represent the GPU. Next, set up a Metal view such as `MTKView` for rendering and proceed to create shaders and configure the Metal pipeline with necessary functions. This setup allows you to efficiently leverage Metal's capabilities for a wide range of tasks.","{'word_count': 59, 'unique_word_count': 48, 'coherence_score': 0.8135593220338984, 'lexical_similarity': 1.0, 'semantic_similarity': 1.0, 'lexical_similarity_window': 1.0, 'semantic_similarity_window': 1.0, 'token_perplexity': 46.618029779598366, 'version_b_distance': 0.0737076997756958}",,92ce07b6-75f1-4706-a151-ba1c4e0191dc,"{'provider': <Provider.OLLAMA_COMPANY: 'ollama_company'>, 'model': <OllamaCompanyModels.QWEN_2_5_7B: 'Qwen/Qwen2.5-7B-Instruct'>, 'system_prompt': 'You are a helpful assistant in a conversation. Reply in at most 3 sentences, and always finish your final sentence.', 'temperature': 0.7, 'max_tokens': 150, 'frequency_penalty': 0.0, 'presence_penalty': 0.0, 'top_p': 1.0, 'seed': 0}"
39,2026-06-30 11:29:25.610827,92ce07b6-75f1-4706-a151-ba1c4e0191dc,"Start by adding the Metal framework to your Xcode project settings and creating an `MTLDevice` instance to represent the GPU. Next, set up a Metal view such as `MTKView` for rendering and proceed to create shaders and configure the Metal pipeline with necessary functions. This setup allows you to efficiently leverage Metal's capabilities for a wide range of tasks.","{'word_count': 59, 'unique_word_count': 48, 'coherence_score': 0.8135593220338984, 'lexical_similarity': 1.0, 'semantic_similarity': 1.0, 'lexical_similarity_window': 1.0, 'semantic_similarity_window': 1.0, 'token_perplexity': 46.618029779598366, 'version_b_distance': 0.0737076997756958}",,92ce07b6-75f1-4706-a151-ba1c4e0191dc,"{'provider': <Provider.OLLAMA_COMPANY: 'ollama_company'>, 'model': <OllamaCompanyModels.QWEN_2_5_7B: 'Qwen/Qwen2.5-7B-Instruct'>, 'system_prompt': 'You are a helpful assistant in a conversation. Reply in at most 3 sentences, and always finish your final sentence.', 'temperature': 0.7, 'max_tokens': 150, 'frequency_penalty': 0.0, 'presence_penalty': 0.0, 'top_p': 1.0, 'seed': 0}"
40,2026-06-30 11:29:26.548177,92ce07b6-75f1-4706-a151-ba1c4e0191dc,"Start by adding the Metal framework to your Xcode project settings and creating an `MTLDevice` instance to represent the GPU. Next, set up a Metal view such as `MTKView` for rendering and proceed to create shaders and configure the Metal pipeline with necessary functions. This setup allows you to efficiently leverage Metal's capabilities for a wide range of tasks.","{'word_count': 59, 'unique_word_count': 48, 'coherence_score': 0.8135593220338984, 'lexical_similarity': 1.0, 'semantic_similarity': 1.0, 'lexical_similarity_window': 1.0, 'semantic_similarity_window': 1.0, 'token_perplexity': 46.618029779598366, 'version_b_distance': 0.0737076997756958}",,92ce07b6-75f1-4706-a151-ba1c4e0191dc,"{'provider': <Provider.OLLAMA_COMPANY: 'ollama_company'>, 'model': <OllamaCompanyModels.QWEN_2_5_7B: 'Qwen/Qwen2.5-7B-Instruct'>, 'system_prompt': 'You are a helpful assistant in a conversation. Reply in at most 3 sentences, and always finish your final sentence.', 'temperature': 0.7, 'max_tokens': 150, 'frequency_penalty': 0.0, 'presence_penalty': 0.0, 'top_p': 1.0, 'seed': 0}"
41,2026-06-30 11:29:27.573864,92ce07b6-75f1-4706-a151-ba1c4e0191dc,"Start by adding the Metal framework to your Xcode project settings and creating an `MTLDevice` instance to represent the GPU. Next, set up a Metal view such as `MTKView` for rendering and proceed to create shaders and configure the Metal pipeline with necessary functions. This setup allows you to efficiently leverage Metal's capabilities for a wide range of tasks.","{'word_count': 59, 'unique_word_count': 48, 'coherence_score': 0.8135593220338984, 'lexical_similarity': 1.0, 'semantic_similarity': 1.0, 'lexical_similarity_window': 1.0, 'semantic_similarity_window': 1.0, 'token_perplexity': 46.618029779598366, 'version_b_distance': 0.0737076997756958}",,92ce07b6-75f1-4706-a151-ba1c4e0191dc,"{'provider': <Provider.OLLAMA_COMPANY: 'ollama_company'>, 'model': <OllamaCompanyModels.QWEN_2_5_7B: 'Qwen/Qwen2.5-7B-Instruct'>, 'system_prompt': 'You are a helpful assistant in a conversation. Reply in at most 3 sentences, and always finish your final sentence.', 'temperature': 0.7, 'max_tokens': 150, 'frequency_penalty': 0.0, 'presence_penalty': 0.0, 'top_p': 1.0, 'seed': 0}"
42,2026-06-30 11:29:28.542555,92ce07b6-75f1-4706-a151-ba1c4e0191dc,"Start by adding the Metal framework to your Xcode project settings and creating an `MTLDevice` instance to represent the GPU. Next, set up a Metal view such as `MTKView` for rendering and proceed to create shaders and configure the Metal pipeline with necessary functions. This setup allows you to efficiently leverage Metal's capabilities for a wide range of tasks.","{'word_count': 59, 'unique_word_count': 48, 'coherence_score': 0.8135593220338984, 'lexical_similarity': 1.0, 'semantic_similarity': 1.0, 'lexical_similarity_window': 1.0, 'semantic_similarity_window': 1.0, 'token_perplexity': 46.618029779598366, 'version_b_distance': 0.0737076997756958}",,92ce07b6-75f1-4706-a151-ba1c4e0191dc,"{'provider': <Provider.OLLAMA_COMPANY: 'ollama_company'>, 'model': <OllamaCompanyModels.QWEN_2_5_7B: 'Qwen/Qwen2.5-7B-Instruct'>, 'system_prompt': 'You are a helpful assistant in a conversation. Reply in at most 3 sentences, and always finish your final sentence.', 'temperature': 0.7, 'max_tokens': 150, 'frequency_penalty': 0.0, 'presence_penalty': 0.0, 'top_p': 1.0, 'seed': 0}"
43,2026-06-30 11:29:29.579684,92ce07b6-75f1-4706-a151-ba1c4e0191dc,"Start by adding the Metal framework to your Xcode project settings and creating an `MTLDevice` instance to represent the GPU. Next, set up a Metal view such as `MTKView` for rendering and proceed to create shaders and configure the Metal pipeline with necessary functions. This setup allows you to efficiently leverage Metal's capabilities for a wide range of tasks.","{'word_count': 59, 'unique_word_count': 48, 'coherence_score': 0.8135593220338984, 'lexical_similarity': 1.0, 'semantic_similarity': 1.0, 'lexical_similarity_window': 1.0, 'semantic_similarity_window': 1.0, 'token_perplexity': 46.618029779598366, 'version_b_distance': 0.0737076997756958}",,92ce07b6-75f1-4706-a151-ba1c4e0191dc,"{'provider': <Provider.OLLAMA_COMPANY: 'ollama_company'>, 'model': <OllamaCompanyModels.QWEN_2_5_7B: 'Qwen/Qwen2.5-7B-Instruct'>, 'system_prompt': 'You are a helpful assistant in a conversation. Reply in at most 3 sentences, and always finish your final sentence.', 'temperature': 0.7, 'max_tokens': 150, 'frequency_penalty': 0.0, 'presence_penalty': 0.0, 'top_p': 1.0, 'seed': 0}"
44,2026-06-30 11:29:30.579743,92ce07b6-75f1-4706-a151-ba1c4e0191dc,"Start by adding the Metal framework to your Xcode project settings and creating an `MTLDevice` instance to represent the GPU. Next, set up a Metal view such as `MTKView` for rendering and proceed to create shaders and configure the Metal pipeline with necessary functions. This setup allows you to efficiently leverage Metal's capabilities for a wide range of tasks.","{'word_count': 59, 'unique_word_count': 48, 'coherence_score': 0.8135593220338984, 'lexical_similarity': 1.0, 'semantic_similarity': 1.0, 'lexical_similarity_window': 1.0, 'semantic_similarity_window': 1.0, 'token_perplexity': 46.618029779598366, 'version_b_distance': 0.0737076997756958}",,92ce07b6-75f1-4706-a151-ba1c4e0191dc,"{'provider': <Provider.OLLAMA_COMPANY: 'ollama_company'>, 'model': <OllamaCompanyModels.QWEN_2_5_7B: 'Qwen/Qwen2.5-7B-Instruct'>, 'system_prompt': 'You are a helpful assistant in a conversation. Reply in at most 3 sentences, and always finish your final sentence.', 'temperature': 0.7, 'max_tokens': 150, 'frequency_penalty': 0.0, 'presence_penalty': 0.0, 'top_p': 1.0, 'seed': 0}"
45,2026-06-30 11:29:31.631844,92ce07b6-75f1-4706-a151-ba1c4e0191dc,"Start by adding the Metal framework to your Xcode project settings and creating an `MTLDevice` instance to represent the GPU. Next, set up a Metal view such as `MTKView` for rendering and proceed to create shaders and configure the Metal pipeline with necessary functions. This setup allows you to efficiently leverage Metal's capabilities for a wide range of tasks.","{'word_count': 59, 'unique_word_count': 48, 'coherence_score': 0.8135593220338984, 'lexical_similarity': 1.0, 'semantic_similarity': 1.0, 'lexical_similarity_window': 1.0, 'semantic_similarity_window': 1.0, 'token_perplexity': 46.618029779598366, 'version_b_distance': 0.0737076997756958}",,92ce07b6-75f1-4706-a151-ba1c4e0191dc,"{'provider': <Provider.OLLAMA_COMPANY: 'ollama_company'>, 'model': <OllamaCompanyModels.QWEN_2_5_7B: 'Qwen/Qwen2.5-7B-Instruct'>, 'system_prompt': 'You are a helpful assistant in a conversation. Reply in at most 3 sentences, and always finish your final sentence.', 'temperature': 0.7, 'max_tokens': 150, 'frequency_penalty': 0.0, 'presence_penalty': 0.0, 'top_p': 1.0, 'seed': 0}"
46,2026-06-30 11:29:32.678420,92ce07b6-75f1-4706-a151-ba1c4e0191dc,"Start by adding the Metal framework to your Xcode project settings and creating an `MTLDevice` instance to represent the GPU. Next, set up a Metal view such as `MTKView` for rendering and proceed to create shaders and configure the Metal pipeline with necessary functions. This setup allows you to efficiently leverage Metal's capabilities for a wide range of tasks.","{'word_count': 59, 'unique_word_count': 48, 'coherence_score': 0.8135593220338984, 'lexical_similarity': 1.0, 'semantic_similarity': 1.0, 'lexical_similarity_window': 1.0, 'semantic_similarity_window': 1.0, 'token_perplexity': 46.618029779598366, 'version_b_distance': 0.0737076997756958}",,92ce07b6-75f1-4706-a151-ba1c4e0191dc,"{'provider': <Provider.OLLAMA_COMPANY: 'ollama_company'>, 'model': <OllamaCompanyModels.QWEN_2_5_7B: 'Qwen/Qwen2.5-7B-Instruct'>, 'system_prompt': 'You are a helpful assistant in a conversation. Reply in at most 3 sentences, and always finish your final sentence.', 'temperature': 0.7, 'max_tokens': 150, 'frequency_penalty': 0.0, 'presence_penalty': 0.0, 'top_p': 1.0, 'seed': 0}"
47,2026-06-30 11:29:33.723254,92ce07b6-75f1-4706-a151-ba1c4e0191dc,"Start by adding the Metal framework to your Xcode project settings and creating an `MTLDevice` instance to represent the GPU. Next, set up a Metal view such as `MTKView` for rendering and proceed to create shaders and configure the Metal pipeline with necessary functions. This setup allows you to efficiently leverage Metal's capabilities for a wide range of tasks.","{'word_count': 59, 'unique_word_count': 48, 'coherence_score': 0.8135593220338984, 'lexical_similarity': 1.0, 'semantic_similarity': 1.0, 'lexical_similarity_window': 1.0, 'semantic_similarity_window': 1.0, 'token_perplexity': 46.618029779598366, 'version_b_distance': 0.0737076997756958}",,92ce07b6-75f1-4706-a151-ba1c4e0191dc,"{'provider': <Provider.OLLAMA_COMPANY: 'ollama_company'>, 'model': <OllamaCompanyModels.QWEN_2_5_7B: 'Qwen/Qwen2.5-7B-Instruct'>, 'system_prompt': 'You are a helpful assistant in a conversation. Reply in at most 3 sentences, and always finish your final sentence.', 'temperature': 0.7, 'max_tokens': 150, 'frequency_penalty': 0.0, 'presence_penalty': 0.0, 'top_p': 1.0, 'seed': 0}"
48,2026-06-30 11:29:34.769334,92ce07b6-75f1-4706-a151-ba1c4e0191dc,"Start by adding the Metal framework to your Xcode project settings and creating an `MTLDevice` instance to represent the GPU. Next, set up a Metal view such as `MTKView` for rendering and proceed to create shaders and configure the Metal pipeline with necessary functions. This setup allows you to efficiently leverage Metal's capabilities for a wide range of tasks.","{'word_count': 59, 'unique_word_count': 48, 'coherence_score': 0.8135593220338984, 'lexical_similarity': 1.0, 'semantic_similarity': 1.0, 'lexical_similarity_window': 1.0, 'semantic_similarity_window': 1.0, 'token_perplexity': 46.618029779598366, 'version_b_distance': 0.0737076997756958}",,92ce07b6-75f1-4706-a151-ba1c4e0191dc,"{'provider': <Provider.OLLAMA_COMPANY: 'ollama_company'>, 'model': <OllamaCompanyModels.QWEN_2_5_7B: 'Qwen/Qwen2.5-7B-Instruct'>, 'system_prompt': 'You are a helpful assistant in a conversation. Reply in at most 3 sentences, and always finish your final sentence.', 'temperature': 0.7, 'max_tokens': 150, 'frequency_penalty': 0.0, 'presence_penalty': 0.0, 'top_p': 1.0, 'seed': 0}"
49,2026-06-30 11:29:35.819259,92ce07b6-75f1-4706-a151-ba1c4e0191dc,"Start by adding the Metal framework to your Xcode project settings and creating an `MTLDevice` instance to represent the GPU. Next, set up a Metal view such as `MTKView` for rendering and proceed to create shaders and configure the Metal pipeline with necessary functions. This setup allows you to efficiently leverage Metal's capabilities for a wide range of tasks.","{'word_count': 59, 'unique_word_count': 48, 'coherence_score': 0.8135593220338984, 'lexical_similarity': 1.0, 'semantic_similarity': 1.0, 'lexical_similarity_window': 1.0, 'semantic_similarity_window': 1.0, 'token_perplexity': 46.618029779598366, 'version_b_distance': 0.0737076997756958}",,92ce07b6-75f1-4706-a151-ba1c4e0191dc,"{'provider': <Provider.OLLAMA_COMPANY: 'ollama_company'>, 'model': <OllamaCompanyModels.QWEN_2_5_7B: 'Qwen/Qwen2.5-7B-Instruct'>, 'system_prompt': 'You are a helpful assistant in a conversation. Reply in at most 3 sentences, and always finish your final sentence.', 'temperature': 0.7, 'max_tokens': 150, 'frequency_penalty': 0.0, 'presence_penalty': 0.0, 'top_p': 1.0, 'seed': 0}"
50,2026-06-30 11:29:36.871999,92ce07b6-75f1-4706-a151-ba1c4e0191dc,"Start by adding the Metal framework to your Xcode project settings and creating an `MTLDevice` instance to represent the GPU. Next, set up a Metal view such as `MTKView` for rendering and proceed to create shaders and configure the Metal pipeline with necessary functions. This setup allows you to efficiently leverage Metal's capabilities for a wide range of tasks.","{'word_count': 59, 'unique_word_count': 48, 'coherence_score': 0.8135593220338984, 'lexical_similarity': 1.0, 'semantic_similarity': 1.0, 'lexical_similarity_window': 1.0, 'semantic_similarity_window': 1.0, 'token_perplexity': 46.618029779598366, 'version_b_distance': 0.0737076997756958}",,92ce07b6-75f1-4706-a151-ba1c4e0191dc,"{'provider': <Provider.OLLAMA_COMPANY: 'ollama_company'>, 'model': <OllamaCompanyModels.QWEN_2_5_7B: 'Qwen/Qwen2.5-7B-Instruct'>, 'system_prompt': 'You are a helpful assistant in a conversation. Reply in at most 3 sentences, and always finish your final sentence.', 'temperature': 0.7, 'max_tokens': 150, 'frequency_penalty': 0.0, 'presence_penalty': 0.0, 'top_p': 1.0, 'seed': 0}"
51,2026-06-30 11:29:37.826832,92ce07b6-75f1-4706-a151-ba1c4e0191dc,"Start by adding the Metal framework to your Xcode project settings and creating an `MTLDevice` instance to represent the GPU. Next, set up a Metal view such as `MTKView` for rendering and proceed to create shaders and configure the Metal pipeline with necessary functions. This setup allows you to efficiently leverage Metal's capabilities for a wide range of tasks.","{'word_count': 59, 'unique_word_count': 48, 'coherence_score': 0.8135593220338984, 'lexical_similarity': 1.0, 'semantic_similarity': 1.0, 'lexical_similarity_window': 1.0, 'semantic_similarity_window': 1.0, 'token_perplexity': 46.618029779598366, 'version_b_distance': 0.0737076997756958}",,92ce07b6-75f1-4706-a151-ba1c4e0191dc,"{'provider': <Provider.OLLAMA_COMPANY: 'ollama_company'>, 'model': <OllamaCompanyModels.QWEN_2_5_7B: 'Qwen/Qwen2.5-7B-Instruct'>, 'system_prompt': 'You are a helpful assistant in a conversation. Reply in at most 3 sentences, and always finish your final sentence.', 'temperature': 0.7, 'max_tokens': 150, 'frequency_penalty': 0.0, 'presence_penalty': 0.0, 'top_p': 1.0, 'seed': 0}"
52,2026-06-30 11:29:38.770000,92ce07b6-75f1-4706-a151-ba1c4e0191dc,"Start by adding the Metal framework to your Xcode project settings and creating an `MTLDevice` instance to represent the GPU. Next, set up a Metal view such as `MTKView` for rendering and proceed to create shaders and configure the Metal pipeline with necessary functions. This setup allows you to efficiently leverage Metal's capabilities for a wide range of tasks.","{'word_count': 59, 'unique_word_count': 48, 'coherence_score': 0.8135593220338984, 'lexical_similarity': 1.0, 'semantic_similarity': 1.0, 'lexical_similarity_window': 1.0, 'semantic_similarity_window': 1.0, 'token_perplexity': 46.618029779598366, 'version_b_distance': 0.0737076997756958}",,92ce07b6-75f1-4706-a151-ba1c4e0191dc,"{'provider': <Provider.OLLAMA_COMPANY: 'ollama_company'>, 'model': <OllamaCompanyModels.QWEN_2_5_7B: 'Qwen/Qwen2.5-7B-Instruct'>, 'system_prompt': 'You are a helpful assistant in a conversation. Reply in at most 3 sentences, and always finish your final sentence.', 'temperature': 0.7, 'max_tokens': 150, 'frequency_penalty': 0.0, 'presence_penalty': 0.0, 'top_p': 1.0, 'seed': 0}"
53,2026-06-30 11:29:39.807094,92ce07b6-75f1-4706-a151-ba1c4e0191dc,"Start by adding the Metal framework to your Xcode project settings and creating an `MTLDevice` instance to represent the GPU. Next, set up a Metal view such as `MTKView` for rendering and proceed to create shaders and configure the Metal pipeline with necessary functions. This setup allows you to efficiently leverage Metal's capabilities for a wide range of tasks.","{'word_count': 59, 'unique_word_count': 48, 'coherence_score': 0.8135593220338984, 'lexical_similarity': 1.0, 'semantic_similarity': 1.0, 'lexical_similarity_window': 1.0, 'semantic_similarity_window': 1.0, 'token_perplexity': 46.618029779598366, 'version_b_distance': 0.0737076997756958}",,92ce07b6-75f1-4706-a151-ba1c4e0191dc,"{'provider': <Provider.OLLAMA_COMPANY: 'ollama_company'>, 'model': <OllamaCompanyModels.QWEN_2_5_7B: 'Qwen/Qwen2.5-7B-Instruct'>, 'system_prompt': 'You are a helpful assistant in a conversation. Reply in at most 3 sentences, and always finish your final sentence.', 'temperature': 0.7, 'max_tokens': 150, 'frequency_penalty': 0.0, 'presence_penalty': 0.0, 'top_p': 1.0, 'seed': 0}"
54,2026-06-30 11:29:40.750054,92ce07b6-75f1-4706-a151-ba1c4e0191dc,"Start by adding the Metal framework to your Xcode project settings and creating an `MTLDevice` instance to represent the GPU. Next, set up a Metal view such as `MTKView` for rendering and proceed to create shaders and configure the Metal pipeline with necessary functions. This setup allows you to efficiently leverage Metal's capabilities for a wide range of tasks.","{'word_count': 59, 'unique_word_count': 48, 'coherence_score': 0.8135593220338984, 'lexical_similarity': 1.0, 'semantic_similarity': 1.0, 'lexical_similarity_window': 1.0, 'semantic_similarity_window': 1.0, 'token_perplexity': 46.618029779598366, 'version_b_distance': 0.0737076997756958}",,92ce07b6-75f1-4706-a151-ba1c4e0191dc,"{'provider': <Provider.OLLAMA_COMPANY: 'ollama_company'>, 'model': <OllamaCompanyModels.QWEN_2_5_7B: 'Qwen/Qwen2.5-7B-Instruct'>, 'system_prompt': 'You are a helpful assistant in a conversation. Reply in at most 3 sentences, and always finish your final sentence.', 'temperature': 0.7, 'max_tokens': 150, 'frequency_penalty': 0.0, 'presence_penalty': 0.0, 'top_p': 1.0, 'seed': 0}"
55,2026-06-30 11:29:41.707783,92ce07b6-75f1-4706-a151-ba1c4e0191dc,"Start by adding the Metal framework to your Xcode project settings and creating an `MTLDevice` instance to represent the GPU. Next, set up a Metal view such as `MTKView` for rendering and proceed to create shaders and configure the Metal pipeline with necessary functions. This setup allows you to efficiently leverage Metal's capabilities for a wide range of tasks.","{'word_count': 59, 'unique_word_count': 48, 'coherence_score': 0.8135593220338984, 'lexical_similarity': 1.0, 'semantic_similarity': 1.0, 'lexical_similarity_window': 1.0, 'semantic_similarity_window': 1.0, 'token_perplexity': 46.618029779598366, 'version_b_distance': 0.0737076997756958}",,92ce07b6-75f1-4706-a151-ba1c4e0191dc,"{'provider': <Provider.OLLAMA_COMPANY: 'ollama_company'>, 'model': <OllamaCompanyModels.QWEN_2_5_7B: 'Qwen/Qwen2.5-7B-Instruct'>, 'system_prompt': 'You are a helpful assistant in a conversation. Reply in at most 3 sentences, and always finish your final sentence.', 'temperature': 0.7, 'max_tokens': 150, 'frequency_penalty': 0.0, 'presence_penalty': 0.0, 'top_p': 1.0, 'seed': 0}"
56,2026-06-30 11:29:42.639588,92ce07b6-75f1-4706-a151-ba1c4e0191dc,"Start by adding the Metal framework to your Xcode project settings and creating an `MTLDevice` instance to represent the GPU. Next, set up a Metal view such as `MTKView` for rendering and proceed to create shaders and configure the Metal pipeline with necessary functions. This setup allows you to efficiently leverage Metal's capabilities for a wide range of tasks.","{'word_count': 59, 'unique_word_count': 48, 'coherence_score': 0.8135593220338984, 'lexical_similarity': 1.0, 'semantic_similarity': 1.0, 'lexical_similarity_window': 1.0, 'semantic_similarity_window': 1.0, 'token_perplexity': 46.618029779598366, 'version_b_distance': 0.0737076997756958}",,92ce07b6-75f1-4706-a151-ba1c4e0191dc,"{'provider': <Provider.OLLAMA_COMPANY: 'ollama_company'>, 'model': <OllamaCompanyModels.QWEN_2_5_7B: 'Qwen/Qwen2.5-7B-Instruct'>, 'system_prompt': 'You are a helpful assistant in a conversation. Reply in at most 3 sentences, and always finish your final sentence.', 'temperature': 0.7, 'max_tokens': 150, 'frequency_penalty': 0.0, 'presence_penalty': 0.0, 'top_p': 1.0, 'seed': 0}"
57,2026-06-30 11:29:43.595855,92ce07b6-75f1-4706-a151-ba1c4e0191dc,"Start by adding the Metal framework to your Xcode project settings and creating an `MTLDevice` instance to represent the GPU. Next, set up a Metal view such as `MTKView` for rendering and proceed to create shaders and configure the Metal pipeline with necessary functions. This setup allows you to efficiently leverage Metal's capabilities for a wide range of tasks.","{'word_count': 59, 'unique_word_count': 48, 'coherence_score': 0.8135593220338984, 'lexical_similarity': 1.0, 'semantic_similarity': 1.0, 'lexical_similarity_window': 1.0, 'semantic_similarity_window': 1.0, 'token_perplexity': 46.618029779598366, 'version_b_distance': 0.0737076997756958}",,92ce07b6-75f1-4706-a151-ba1c4e0191dc,"{'provider': <Provider.OLLAMA_COMPANY: 'ollama_company'>, 'model': <OllamaCompanyModels.QWEN_2_5_7B: 'Qwen/Qwen2.5-7B-Instruct'>, 'system_prompt': 'You are a helpful assistant in a conversation. Reply in at most 3 sentences, and always finish your final sentence.', 'temperature': 0.7, 'max_tokens': 150, 'frequency_penalty': 0.0, 'presence_penalty': 0.0, 'top_p': 1.0, 'seed': 0}"
58,2026-06-30 11:29:44.751549,92ce07b6-75f1-4706-a151-ba1c4e0191dc,"Start by adding the Metal framework to your Xcode project settings and creating an `MTLDevice` instance to represent the GPU. Next, set up a Metal view such as `MTKView` for rendering and proceed to create shaders and configure the Metal pipeline with necessary functions. This setup allows you to efficiently leverage Metal's capabilities for a wide range of tasks.","{'word_count': 59, 'unique_word_count': 48, 'coherence_score': 0.8135593220338984, 'lexical_similarity': 1.0, 'semantic_similarity': 1.0, 'lexical_similarity_window': 1.0, 'semantic_similarity_window': 1.0, 'token_perplexity': 46.618029779598366, 'version_b_distance': 0.0737076997756958}",,92ce07b6-75f1-4706-a151-ba1c4e0191dc,"{'provider': <Provider.OLLAMA_COMPANY: 'ollama_company'>, 'model': <OllamaCompanyModels.QWEN_2_5_7B: 'Qwen/Qwen2.5-7B-Instruct'>, 'system_prompt': 'You are a helpful assistant in a conversation. Reply in at most 3 sentences, and always finish your final sentence.', 'temperature': 0.7, 'max_tokens': 150, 'frequency_penalty': 0.0, 'presence_penalty': 0.0, 'top_p': 1.0, 'seed': 0}"
59,2026-06-30 11:29:45.692943,92ce07b6-75f1-4706-a151-ba1c4e0191dc,"Start by adding the Metal framework to your Xcode project settings and creating an `MTLDevice` instance to represent the GPU. Next, set up a Metal view such as `MTKView` for rendering and proceed to create shaders and configure the Metal pipeline with necessary functions. This setup allows you to efficiently leverage Metal's capabilities for a wide range of tasks.","{'word_count': 59, 'unique_word_count': 48, 'coherence_score': 0.8135593220338984, 'lexical_similarity': 1.0, 'semantic_similarity': 1.0, 'lexical_similarity_window': 1.0, 'semantic_similarity_window': 1.0, 'token_perplexity': 46.618029779598366, 'version_b_distance': 0.0737076997756958}",,92ce07b6-75f1-4706-a151-ba1c4e0191dc,"{'provider': <Provider.OLLAMA_COMPANY: 'ollama_company'>, 'model': <OllamaCompanyModels.QWEN_2_5_7B: 'Qwen/Qwen2.5-7B-Instruct'>, 'system_prompt': 'You are a helpful assistant in a conversation. Reply in at most 3 sentences, and always finish your final sentence.', 'temperature': 0.7, 'max_tokens': 150, 'frequency_penalty': 0.0, 'presence_penalty': 0.0, 'top_p': 1.0, 'seed': 0}"
